{
  "train_loss": [
    1.8115696517944335,
    1.5317872197628022,
    1.3810715022087097,
    1.273428555393219,
    1.1853415354251862,
    1.1323382500171661,
    1.0695310779094696,
    1.018972946214676,
    0.9759067873001098,
    0.9393617467164993,
    0.8927702376842499,
    0.8745585818767547,
    0.8343836771011353,
    0.80604669008255,
    0.7820637623310089,
    0.7527161104917526,
    0.7302905026435852,
    0.7085766281604767,
    0.6943682652592659,
    0.6825933949232101,
    0.6552192566275596,
    0.6418767974972724,
    0.6359613853216172,
    0.6295252371668816
  ],
  "val_loss": [
    1.3380040054123241,
    1.1957195405000316,
    1.0384854413449955,
    0.9387565738857745,
    0.8744247226288524,
    0.821886092805253,
    0.8233821903364346,
    0.7981233062645117,
    0.8025145052720944,
    0.7442516563609004,
    0.7866372857421351,
    0.7390398802086949,
    0.723901208311605,
    0.7236037731361085,
    0.7627226458951688,
    0.7594428799403742,
    0.7614335057834467,
    0.7938051638892665,
    0.8414962417877521,
    0.8342814225548754,
    0.8391163259173353,
    0.8981356629357932,
    0.9070803703972325,
    0.8973030299424364
  ],
  "val_accuracy": [
    52.3,
    60.21,
    65.98,
    68.59,
    70.18,
    72.55,
    71.96,
    72.91,
    73.13,
    74.76,
    73.79,
    75.55,
    76.08,
    76.14,
    75.29,
    76.38,
    76.15,
    76.33,
    75.65,
    75.86,
    76.52,
    76.13,
    75.78,
    76.29
  ]
}