{
  "train_loss": [
    1.3503838801383972,
    0.935327983880043,
    0.7709963004827499,
    0.6582878780841828,
    0.5611476920962334,
    0.48964940358400344,
    0.4129697686970234,
    0.35635090139508246,
    0.31219331807643175,
    0.27421612607240675,
    0.2586954591972753,
    0.2337168842062354,
    0.21877395453602075,
    0.21397291048765182,
    0.19036279921382665
  ],
  "val_loss": [
    1.055390536023405,
    0.8795612665791862,
    0.8275730965046075,
    0.8329015098059901,
    0.8239866667471755,
    0.9160033153078426,
    0.9521174594617119,
    1.0833784186611541,
    1.1349698131838546,
    1.1863151389284257,
    1.3690706572403162,
    1.415776870264032,
    1.519891249771697,
    1.5843490629721755,
    1.6828902116217934
  ],
  "val_accuracy": [
    62.26,
    69.28,
    71.58,
    71.51,
    72.52,
    70.96,
    71.32,
    70.83,
    71.94,
    71.6,
    70.58,
    71.0,
    70.65,
    69.9,
    69.94
  ]
}