{
  "train_loss": [
    1.451837753200531,
    1.0594964288711548,
    0.8710104296207428,
    0.7333196446657181,
    0.6265258459091186,
    0.5325395115971565,
    0.44071600522398946,
    0.3516518281042576,
    0.27954725105166434,
    0.21369401572048663,
    0.16389977101683617,
    0.1266693424001336,
    0.1021936788380146,
    0.09114200258143246,
    0.07748614172311499
  ],
  "val_loss": [
    1.1990890643848018,
    1.0210724815773888,
    0.8755974019297396,
    0.8048169353899484,
    0.7475795906763107,
    0.7533960952735937,
    0.7667198324927126,
    0.7915414914060325,
    0.8916446025283954,
    0.9060622277541663,
    1.0023146106269414,
    1.1656910143911647,
    1.2514559605393927,
    1.310420955998448,
    1.3747283226004043
  ],
  "val_accuracy": [
    57.11,
    64.43,
    69.78,
    71.95,
    74.3,
    74.58,
    74.98,
    74.96,
    74.6,
    75.03,
    75.57,
    74.19,
    74.52,
    74.5,
    74.77
  ]
}