{
  "train_loss": [
    1.4440811398506164,
    1.0332382250785828,
    0.8418739787340164,
    0.70937243475914,
    0.5994177002429962,
    0.4974369079113007,
    0.40377909348011015,
    0.32114201739430426,
    0.24280266042351722,
    0.18304090476632118,
    0.1319205094218254,
    0.1130169786721468,
    0.08867808431014419,
    0.07634546945970505,
    0.07346027162726969,
    0.06060352577418089
  ],
  "val_loss": [
    1.1879876444514947,
    0.9883221875364407,
    0.8809356746582178,
    0.7835311433568168,
    0.8037992693936101,
    0.7660157650994798,
    0.7984872940725412,
    0.8886802442157611,
    0.9408495491876389,
    1.0022959118357861,
    1.149645607906599,
    1.16846822311703,
    1.305870510137881,
    1.5007527273017378,
    1.416105060055614,
    1.477691671052299
  ],
  "val_accuracy": [
    57.76,
    65.19,
    68.21,
    72.79,
    72.71,
    74.36,
    74.33,
    73.25,
    74.03,
    74.43,
    74.46,
    74.65,
    73.74,
    73.06,
    73.61,
    74.72
  ]
}