{
  "train_loss": [
    1.6722807003974915,
    1.3479105435848235,
    1.1953958752155305,
    1.0703587196350097,
    0.9840959882497787,
    0.9075317491531372,
    0.843134328341484,
    0.7856237942457199,
    0.7301891963005066,
    0.6812747241854668,
    0.6288162432670593,
    0.5957728561282158,
    0.5518322733283043,
    0.5203384543836117,
    0.4898148139178753,
    0.4674926228046417,
    0.45260458444952967,
    0.41672980789542197
  ],
  "val_loss": [
    1.2656487093185083,
    1.0620398329088863,
    0.9824892263442945,
    0.8862923830271529,
    0.817314202697894,
    0.7731326461409609,
    0.7356552259800152,
    0.7141469906503781,
    0.7380191877055854,
    0.7505035967872546,
    0.7520728010815173,
    0.764021195447483,
    0.7918747665402227,
    0.8086837775791034,
    0.8139563978384858,
    0.8529567900842752,
    0.9236727038416238,
    0.9210470256904444
  ],
  "val_accuracy": [
    55.31,
    63.85,
    65.29,
    69.38,
    72.02,
    73.26,
    74.37,
    75.23,
    75.02,
    75.18,
    75.5,
    76.01,
    75.68,
    75.64,
    76.73,
    75.79,
    75.58,
    76.2
  ]
}