{
  "train_loss": [
    1.361010742521286,
    0.9236240814208985,
    0.7445386360049248,
    0.6085414479136467,
    0.500298138475418,
    0.3942427299141884,
    0.3122934459060431,
    0.24014595192819835,
    0.18464846124872566,
    0.15603194833323358,
    0.1316986337829381,
    0.11632644146867097,
    0.10543396284226328,
    0.1003376225954853
  ],
  "val_loss": [
    1.0761025409919385,
    0.9296487328914789,
    0.8336396772450152,
    0.8017413678070227,
    0.8073043302891735,
    0.8509400271760008,
    0.9135033146927531,
    1.0104936175643446,
    1.181106235701055,
    1.183495939444429,
    1.2505846787660648,
    1.385525764034579,
    1.4961737914207263,
    1.5082735891064134
  ],
  "val_accuracy": [
    61.84,
    67.61,
    71.59,
    73.11,
    73.43,
    73.88,
    74.28,
    73.7,
    73.59,
    73.9,
    74.0,
    73.83,
    74.13,
    74.25
  ]
}