{
  "train_loss": [
    2.0189733437538147,
    1.8226398133277892,
    1.7164052525520326,
    1.645422128868103,
    1.5900774485111238,
    1.5373374130249022,
    1.4863182149887084,
    1.460179916858673,
    1.4319894658565522,
    1.4029939118385315,
    1.3717168869018554,
    1.3579773596763611,
    1.328858429479599,
    1.3100662097930909,
    1.2890894006729126,
    1.2746029527187348,
    1.2565018824577332,
    1.2484999235153198,
    1.2274984068393708,
    1.2251047542095184,
    1.1970533078432084,
    1.1839566039562226,
    1.1782628111362456,
    1.1756143939971924,
    1.1687335346698762,
    1.1462977729797363,
    1.1446815997600555,
    1.132037633228302,
    1.1194619110107422,
    1.112869365501404,
    1.1038401123046875
  ],
  "val_loss": [
    1.5529254335945788,
    1.4039661640557237,
    1.1952491793007896,
    1.1162899298408924,
    1.043223738479919,
    0.9368523926780628,
    0.9261281157073121,
    0.8864669847412231,
    0.8707597261419693,
    0.8157351257892462,
    0.7798974400701614,
    0.7811400421892112,
    0.7518062980030291,
    0.7317560450337566,
    0.7251834550414222,
    0.7532375758638779,
    0.71310092913457,
    0.7263303477162371,
    0.6966214682728338,
    0.7364340256006954,
    0.6892916999114588,
    0.6904929931552265,
    0.7012018581358389,
    0.6948581117029768,
    0.7263824974957366,
    0.7122873618675116,
    0.7035250941785379,
    0.6981148106602434,
    0.7147011898767454,
    0.7373369914559892,
    0.7239109204409603
  ],
  "val_accuracy": [
    48.5,
    55.8,
    62.28,
    65.9,
    67.87,
    70.55,
    71.69,
    72.16,
    73.02,
    74.44,
    74.63,
    75.22,
    74.76,
    76.05,
    76.21,
    75.56,
    76.2,
    75.96,
    76.73,
    75.55,
    77.15,
    77.16,
    77.01,
    77.15,
    76.11,
    77.29,
    77.12,
    77.26,
    77.01,
    76.6,
    77.29
  ]
}