{
  "train_loss": [
    1.3900138275146485,
    0.9633052487850189,
    0.761193106842041,
    0.6219441691279411,
    0.5009450771987438,
    0.39792049854397776,
    0.30954011266827586,
    0.23471432958096267,
    0.18470621792823078,
    0.1539033902786672
  ],
  "val_loss": [
    1.108367681503296,
    0.8738546759937518,
    0.8091225859265738,
    0.7544796000273464,
    0.7179510854779722,
    0.7935871195298033,
    0.8619699569079823,
    0.9630929130953721,
    1.0409388090379703,
    1.15485217624579
  ],
  "val_accuracy": [
    60.11,
    69.4,
    71.83,
    74.41,
    75.79,
    75.37,
    75.51,
    74.97,
    74.97,
    74.19
  ]
}